Object ID,DepartmentCategorical,Object Name,Title,CultureCategorical,Artist Nationality,Object Begin Date,Object End Date,Medium,Credit Line,CountryCategorical
1674,0,side chair,side chair,0,american,1794,1799,"mahogany, ebony, ash, birch, white pine","friends of the american wing fund, 1962",0
2430,0,pitcher,covered pitcher,0,american,1700,1900,earthenware,"rogers fund, 1913",0
6406,0,plate,plate,1,nederlandish,1740,1760,earthenware,"rogers fund, 1933",1
7616,0,soup bowl,soup bowl,0,american,1885,1885,porcelain,"gift of mr. and mrs. franklin chace, 1969",0
15012,0,"painting, miniature",portrait of a lady,0,american,1840,1840,watercolor on ivory,"fletcher fund, 2006",0
23510,1,arrowhead (yanonē),arrowhead (yanonē),2,japanese,1701,1800,steel,"the collection of giovanni p. morosini, presented by his daughter giulia, 1932",2
29920,1,knife handle (kozuka),knife handle (kozuka),2,japanese,1770,1852,"copper-gold alloy (shakudō), copper-silver alloy (shibuichi), gold","the howard mansfield collection, gift of howard mansfield, 1936",2
32848,1,coin (thaler),coin (thaler) showing august i (the pious) of saxony,3,german,1580,1580,silver,"gift of bashford dean, 1923",3
34014,1,two drawings,drawings showing combat on foot (champ clos),3,german,1501,1600,"pen, ink and watercolor on paper","bashford dean memorial collection, funds from various donors, 1929",3
34308,1,partisan,partisan,3,german,1701,1800,"steel, wood, textile, metallic thread","bashford dean memorial collection, gift of edward s. harkness, 1929",3
34477,1,sword guard (tsuba),sword guard (tsuba),2,japanese,1590,1900,"iron, gold, silver, copper","h. o. havemeyer collection, bequest of mrs. h. o. havemeyer, 1929",2
35163,1,dirk with sheath,dirk with sheath,4,spanish,1800,1850,"steel, horn, brass, leather, copper wire","gift of rutherfurd stuyvesant, 1891",-1
39917,2,hanging scroll mounted as handscroll,,5,chinese,1037,1101,hanging scroll mounted as a handscroll; ink on paper,"bequest of john m. crawford jr., 1988",4
43092,2,girdle ornament,,5,chinese,-206,1866,jade,"gift of samuel t. peters, 1913",4
53280,2,bracelet,,6,thais,-300,400,bronze,"samuel eilenberg collection, bequest of samuel eilenberg, 1998",5
54547,2,print,,2,japanese,1800,1899,polychrome woodblock print (surimono); ink and color on paper,"h. o. havemeyer collection, bequest of mrs. h. o. havemeyer, 1929",2
54626,2,album leaf,,2,japanese,1877,1897,album leaf; ink and color on silk,"charles stewart smith collection, gift of mrs. charles stewart smith, charles stewart smith jr., and howard caswell smith, in memory of charles stewart smith, 1914",2
55442,2,print,,2,japanese,1838,1838,polychrome woodblock print; ink and color on paper,"rogers fund, 1922",2
58899,2,inrō,,2,japanese,1800,1899,"lacquer, hirame ground, gold, red, silver and brown hiramakie, raden inlay; interior: nashiji and fundame","the howard mansfield collection, purchase, rogers fund, 1936",2
62174,2,basket,,2,japanese,1800,1899,bamboo,"edward c. moore collection, bequest of edward c. moore, 1891",2
67976,2,piece,,2,japanese,1800,1899,silk / brocaded,"rogers fund, 1909",2
72803,2,hanging scroll,近代  蟬竹圖      軸|bamboo and cicada,5,chinese,1966,1966,hanging scroll; ink and color on paper,"the lin yutang family collection, gift of richard m. lai, jill lai miller, and larry c. lai, in memory of taiyi lin lai, 2005",4
77166,2,drawing,,7,indian,1790,1810,ink on paper,"gift of cynthia hazen polsky, 2011",6
80735,3,belt,belt,2,japanese,1983,1987,"leather, metal","gift of linda a. rosenthal, 1993",2
81291,3,pumps,pumps,8,british,1980,1989,leather,"gift of holly solomon, 1999",7
81451,3,evening dress,evening dress,0,american,1983,1984,rayon,"gift of calvin klein, inc., 1998",0
83780,3,shoes,shoes,9,italian,1983,1989,synthetic,"gift of muriel kallis newman, 2002",8
90373,3,earrings,earrings,10,european,1700,1899,metal,"rogers fund, 1909",9
96100,3,evening dress,evening dress,11,french,1966,1967,[no medium available],"gift of mrs. william rand, 1975",10
98251,3,cap,cap,11,french,1800,1899,wool,museum accession,10
100359,3,hat,hat,11,french,1949,1949,"wool, cotton","gift of mary s. ryan, 1981",10
114490,3,mules,mules,0,american,1959,1959,"leather, wood, metal glass","gift of beth and herbert levine, 1977",0
119757,3,gloves,gloves,11,french,1950,1959,leather,"gift of mrs. stowe c. phelps, 1980",10
127104,3,ensemble,ensemble,12,romanian,1800,1939,"linen, wool","gift of miss irene lewisohn and alice lewisohn crowley, 1939",11
129839,3,ensemble,ensemble,8,british,1976,1980,"a) leather; b) leather, metal","purchase, richard martin bequest and friends of the costume institute gifts, 2006",7
145237,3,necklace,necklace,0,american,1967,1967,"synthetic, metal","gift of martin f. price, 2017",0
146150,3,jacket,jacket,0,american,2003,2004,"leather, wool","catharine breyer van bomel foundation fund, 2008",0
168579,3,chemisette,chemisette,0,american,1875,1899,cotton,"brooklyn museum costume collection at the metropolitan museum of art, gift of the brooklyn museum, 2009; gift of louise m. coleman, 1941",0
168781,3,fan,fan,10,european,1776,1799,"ivory, paper","brooklyn museum costume collection at the metropolitan museum of art, gift of the brooklyn museum, 2009; gift of george arents in memory of annie walter arents, 1949",9
169926,3,undersleeves,undersleeves,0,american,1848,1852,linen,"brooklyn museum costume collection at the metropolitan museum of art, gift of the brooklyn museum, 2009; gift of the jason and peggy westerfield collection, 1969",0
170041,3,evening shoes,evening shoes,0,american,1938,1943,"leather, metallic","brooklyn museum costume collection at the metropolitan museum of art, gift of the brooklyn museum, 2009; gift of colonel and mrs. horace figuers, 1973",0
174460,3,ensemble,ensemble,0,american,1950,1950,wool,"brooklyn museum costume collection at the metropolitan museum of art, gift of the brooklyn museum, 2009; gift of mrs. albert ogden in memory of sheldon stewart, 1964",0
187639,4,knife and fork with case,knife and fork with case,13,greek,1700,1750,"steel, silver, niello; case:  leather, silver, niello","gift of r. stuyvesant, 1893",12
190199,4,swags,set of five swags,11,french,1700,1799,gilt bronze,"gift of j. pierpont morgan, 1906",10
194582,4,jug with cover,jug with cover,3,german,1755,1765,stoneware,"gift of mrs. robert w. de forest, 1920",3
198408,4,plaque,marriage of peleus and thetis,9,italian,1570,1580,bronze,"samuel d. lee fund, 1939",8
200381,4,snuffbox,snuffbox,3,german,1770,1780,gold,"bequest of catherine d. wentworth, 1948",3
201480,4,chess set,chess set,3,german,1800,1899,metal,"gift of gustavus a. pfeiffer, 1953",3
203525,4,toy,partridges in wheatsheaf,8,british,1750,1760,soft-paste porcelain,"gift of irwin untermyer, 1964",7
211642,4,souvenir spoon,souvenir spoon,10,european,1885,1899,gilt and enamel,"gift of sir william h. redding, in memory of his wife, 1907",9
218086,4,border,border,9,italian,1600,1699,needle lace,"purchase by subscription, 1909",8
218343,4,fragment,fragment,4,spanish,1800,1815,machine net,"purchase by subscription, 1909",-1
226057,4,borders,borders,11,french,1700,1815,needle lace,"gift of ann payne blumenthal, 1936",10
229526,4,panel,panel,11,french,1775,1780,silk,"gift of mrs. janet s. kaffenburgh in memory of her grandmother mrs. joseph garson of rochester, n.y., 1976",10
236638,4,plaque,head described as that of saint james the elder,3,german,1800,1899,iron,"gift of martin and roberta lerner, 2009",3
241148,5,statuette of a seated goddess,terracotta statuette of a seated goddess,14,cyprus,-325,-275,terracotta,"the cesnola collection, purchased by subscription, 1874–76",13
244271,5,axehead,axehead,14,cyprus,-3200,-2000,bronze,"the cesnola collection, purchased by subscription, 1874–76",13
246324,5,"fibula, boat-shaped type","fibula, boat-shaped type",15,italian,-800,-501,bronze,"purchase, 1896",8
250722,5,"statuette of a woman, seated",terracotta statuette of a seated woman,13,greek,-524,-475,terracotta,"gift of henry s. washington, 1919",12
252173,5,seal,jasper amygdaloid seal,16,greek,-1600,-1450,jasper,"bequest of richard b. seager, 1926",12
252221,5,seal,seal,16,greek,-2000,-1450,haemaetite,"bequest of richard b. seager, 1926",12
262991,6,photograph,[detail of vanitas figures carved on the choir stalls at amiens cathedral],0,american,1860,1869,albumen silver print from glass negative,"gift of lucien goldschmidt, 1981",0
263514,6,photograph,robert motherwell,0,american,1981,1981,gelatin silver print,"gift of the artist, 1983",0
265758,6,photograph,[graffiti on backstage door of the school of american ballet],0,american,1945,1945,gelatin silver print,"gift of paul f. walter, in memory of christopher hemphill, 1987",0
266167,6,photograph,[study of australian grapes],0,american,1858,1862,albumen silver print from glass negative,"purchase, the horace w. goldsmith foundation gift, through joyce and robert menschel, 1989",0
269735,6,photograph,sous bois,-1,belgian,1922,1922,bromoil print,"gift of clarence mck. lewis, 1954",-1
271904,6,glass positive,margaret eakins,0,american,1880,1889,glass positive ,"gift of charles bregler, 1947",0
273592,6,negative,[peggy bacon],0,american,1934,1934,film negative,"walker evans archive, 1994",0
276937,6,negative,"[two 35mm film frames: boys playing on stoop near elevated train tracks, new york city]",0,american,1933,1934,film negative,"walker evans archive, 1994",0
286197,6,photograph,"rouen, place eau-de-robec",11,french,1908,1908,matte albumen silver print from glass negative,"gilman collection, purchase, sam salz foundation gift, 2005",10
311479,7,horn,horn,17,indonesian,1900,2000,bamboo,"the michael c. rockefeller memorial collection; gift of nelson a. rockefeller and mrs. mary c. rockefeller, 1965",14
312687,7,snake figure,coiled serpent,18,mexican,1400,1600,"stone, pigment","the michael c. rockefeller memorial collection, bequest of nelson a. rockefeller, 1979",15
313019,7,pendant,figure pendant,19,atlantic,300,800,jadeite,"the michael c. rockefeller memorial collection, bequest of nelson a. rockefeller, 1979",16
316760,7,painting,painting,20,melanesians,1900,2000,"paper, paint","gift of lita osmundsen, 1992",17
317135,7,ritual stone,stone pulidor,21,mexican,1200,1600,stone,"bequest of arthur m. bullowa, 1993  ",15
319532,7,costume element,ceremonial costume element,22,temorese,1850,1950,"cotton, glass beads","bequest of john b. elliott, 1997",14
323644,8,sherd,sherd,23,iranians,-3505,-3100,"ceramic, paint","rogers fund, 1938",-1
325714,8,sculpture,bird standard,0,american,-2500,-2500,copper alloy,"purchase, schimmel foundation inc. gift, 1965",0
327150,8,bead,bead,0,american,-7000,-5000,calcite,"gift of sheldon and barbara breitbart, 1985",0
339097,9,print; poster,new york ledger: bicycle number,0,american,1895,1895,lithograph,"gift of bessie potter vonnoh, 1941",0
339407,9,drawing,figure studies,9,italian,1696,1770,"pen and brown ink, over black chalk, on beige paper","rogers fund, 1964",8
341146,9,print,reciprocated love,9,italian,1584,1600,engraving,"harris brisbane dick fund, 1927",8
341485,9,print,"rest on the flight into egypt, mary holding and looking at the infant christ while st. joseph reads",9,italian,1632,1642,etching,"harris brisbane dick fund, 1926",8
345964,9,book,meubles modernes,11,french,1875,1890,chromolithography,"a. hyatt mayor purchase fund, marjorie phelps starr bequest, 1987",10
346186,9,book,blossoms of childhood,0,american,1840,1840,illustrations: wood engraving,"anonymous gift, 1941",0
347789,9,book,"the comical history of lord flutter, lord spindle and sir harry hopscotch; or, the bee, the wasp, and the ant",8,british,1800,1900,"wood engraving, hand colored","gift of lincoln kirstein, 1964",7
350011,9,book,"seamless plain solid gold rings, engraved rings, diamond rings, mountings, ladies' stone rings, chains, diamond cutters",0,american,1902,1902,illustrations: photomechanical process,"the elisha whittelsey collection, the elisha whittelsey fund, 1960",0
350542,9,book,"performing tea ceremony, the miyako odori for 1935, and eight stage sets",2,japanese,1930,1940,illustrations: photographic method and color prints,"gift of lincoln kirstein, 1986",2
353752,9,book,plates in missel de notre-dame de france,11,french,1899,1899,,"the elisha whittelsey collection, the elisha whittelsey fund, 1963",10
355115,9,book,"exposition lorraine. l'école de nancy au musée de l'union centrale des arts décoratifs. pavillon de marsan, a paris. ier série: le moblier",11,french,1900,1910,heliotype print,"the elisha whittelsey collection, the elisha whittelsey fund, 1962",10
357808,9,book,enoch arden,8,british,1866,1866,illustrations: wood engraving,"the elisha whittelsey collection, the elisha whittelsey fund, 1966",7
360463,9,drawing,"st. peter's, exterior, tabernacle, elevation and section at base with details of pedestal and railing, (recto)st. peter's, exterior, tabernacle, elevation and section at arched opening (verso)",11,french,1500,1560,"dark brown ink, black chalk, and incised lines","gift of janos scholz and anne bigelow scholz, in memory of flying officer walter bigelow rosen, rcaf, 1949",10
360750,9,print,head of a muscular old man in profile to left with flowing hair,9,italian,1677,1625,etching; only state,"purchase, joseph pulitzer bequest, 1917",8
363070,9,print,"view of the basilica of san sebastiano fuori delle mura [st. sebastian outside the walls] on the appian way, from vedute di roma (roman views)",9,italian,1745,1755,etching; first state of four (hind),"gift of mrs. david keppel, 1960",8
363754,9,drawing,design for pointed utensil with an egyptian style figure on the handle,9,italian,1548,1612,"pen and brown ink, brush and brown wash, over black chalk.","mrs. regina slatkin, 1963",8
365646,9,drawing,saint paul,9,italian,1591,1666,"pen and brown ink, brush and brown ink, over lead point or graphite.","gift of cornelius vanderbilt, 1880",8
367617,9,drawing ornament & architecture,francis w. little house: furniture plan,0,american,1908,1914,graphite and orange and brown pencil,"purchase, emily crane chadborne bequest, 1972",0
371229,9,print,"theodoric iv from the series counts and countesses of holland, zeeland, and west-frisia",-1,dutch,1650,1650,engraving and etching; second state of three,"gift of mrs. hugo elliot, 1941",-1
377953,9,book,l'art de bâtir des maisons de campagne,11,french,1743,1743,printed book with engraved illustrations,"rogers fund, 1952",10
378518,9,drawing,"design for vis-à-vis, no. 3223",0,american,1876,1866,"pen and black ink, watercolor and gouache with gum arabic","gift of william brewster, 1923",0
378914,9,drawing,"design for pony phaeton, no. 3162",0,american,1875,1875,"pen and black ink, watercolor and gouache","gift of william brewster, 1923",0
386510,9,drawing ; ornament and architecture,"ceiling design, half of a circle",8,british,1800,1899,watercolor with gold,"gift of the royal institute of british architects, 1961",7
391909,9,print,canal with an angler and two swans,-1,dutch,1643,1653,etching and drypoint; second of two states,"h. o. havemeyer collection, bequest of mrs. h. o. havemeyer, 1929",-1
396269,9,print,geryon,0,american,1957,1957,"etching, aquatint and drypoint; states 1-8","john b. turner fund, 2011",0
397577,9,print,"syzygy or the conjunction of the macrocosmic unity with the microcosmic triunity from heinrich khunrath, amphiteatrum sapientiae aeternae",3,german,1535,1611,engraving from a circular plate,"purchase, c. g. boerner gift, 2011",3
399078,9,print,horse group #17,0,american,1935,1943,lithograph,"gift of the work projects administration, allocation unit, chicago, 1943",0
399085,9,print,whither mankind,0,american,1935,1943,silkscreen,"gift of the work projects administration, allocation unit, chicago, 1943",0
399877,9,print,"the dream of st joseph, who is sleeping at the right, the virgin and child by a cross surrounded by angels and many putti and with god the father above",9,italian,1600,1650,etching,"the elisha whittelsey collection, the elisha whittelsey fund, 1951",8
400013,9,baseball card,"sullivan, left field, chicago, from the gold coin series (n284) for gold coin chewing tobacco",0,american,1887,1887,commercial color lithography reproducing drawings,"the jefferson r. burdick collection, gift of jefferson r. burdick",0
400018,9,print,section and elevation of the colosseum in rome,9,italian,1581,1581,etching,"bequest of phyllis massar, 2011",8
404850,9,print,"chairing the members, plate iv: four prints of an election",11,french,1758,1758,etching and engraving; third state of three,"gift of sarah lazarus, 1891",10
410156,9,print,"george bubear, oarsman, from world's champions, series 1 (n28) for allen & ginter cigarettes",0,american,1887,1887,commercial color lithograph,"the jefferson r. burdick collection, gift of jefferson r. burdick",0
410683,9,baseball card,"louis chiozza; verso: diamond stars, no. 80 (1934 averages)",0,american,1935,1935,commercial color lithograph,"the jefferson r. burdick collection, gift of jefferson r. burdick",0
415848,9,print,"prise de la ville de bone (capture of the city of bonne), from la vie de ferdinand ier de médicis série appelée aussi les batailles des médicis (the life of ferdinand i de'medici also called the medici battles)",11,french,1614,1620,engraving; first state of two (lieure),"the elisha whittelsey collection, the elisha whittelsey fund, 1951",10
417951,9,print,the impossibility,3,german,1548,1548,engraving,"gift of harry g. friedman, 1959",3
419823,9,print,"s. antioche, médecin (st. antiochus, doctor), july 15th, from les images de tous les saincts et saintes de l'année (images of all of the saints and religious events of the year)",11,french,1636,1636,etching; second state of two (lieure),"purchase, joseph pulitzer bequest, 1917",10
428594,9,print,sea-bass fisherman,0,american,1900,1931,etching,"robert b. dodson fund, 1931",0
428786,9,print,reverse copy of madame bouthillier (marie de bragelogne),11,french,1810,1820,engraving,"gift of georgiana w. sargent, in memory of john osborne sargent, 1924",10
430474,9,print,"reconnoitering, from the boy scouts series (e42) for the fisher candy co.",0,american,1910,1910,commercial color lithograph,"the jefferson r. burdick collection, gift of jefferson r. burdick",0
431102,9,print,vues de st. petersbourg,11,french,1840,1840,"lithography, hand-colored","gift of robert d. brewster, 1951",10
433636,9,"baseball card, print","fitzgerald, sacramento, pacific coast league, from the ""obak baseball players"" set (t212), issued by the american tobacco company to promote obak mouthpiece cigarettes",0,american,1910,1910,commercial color lithograph,"the jefferson r. burdick collection, gift of jefferson r. burdick",0
434286,9,"baseball card, print","spencer, catcher, boston, american league, from the baseball players (ramlys) series (t204) issued by the mentor company to promote ramly and t.t.t. turkish cigarettes",0,american,1909,1909,photolithograph,"the jefferson r. burdick collection, gift of jefferson r. burdick",0
446304,10,fragment,fragment of a bowl,0,american,1300,1499,earthenware; incised decoration through a white slip and coloring under a transparent glaze.,"rogers fund, 1913",18
447944,10,fragment,fragment,0,american,1700,1799,cotton; painted,"rogers fund, 1926",6
449151,10,dado panel,dado panel,0,american,1900,1999,plaster; cast,"rogers fund, 1937",19
452672,10,folio from an illustrated manuscript,"""yusuf and zulaikha"", folio 51r from a bustan of sa`di",0,american,1500,1560,"ink, opaque watercolor, and gold on paper","purchase, louis v. bell fund and the vincent astor foundation gift, 1974",20
459471,11,drawing,head of a man in profile,9,italian,1490,1499,"black chalk, pen and brown ink, heightened with white.","robert lehman collection, 1975",8
466522,12,fragment,glass fragment,11,french,1200,1299,colorless glass,"gift of dr. bashford dean, 1923",10
468605,12,hilt,eagle-headed hilt,24,greek,300,400,copper alloy,"gift of lawrence j. majewski, 1963",12
469993,13,panel,grisaille panel,11,french,1250,1270,white and pot-metal glass with vitreous paint,"the cloisters collection, 1982",10
470842,13,capital,capital,25,catalonia,1100,1150,marble,"the cloisters collection, 1925",21
471090,13,roundel,roundel with saint john the baptist,26,,1510,1520,"colorless glass, silver stain, vitreous paint","the cloisters collection, 1932",-1
482952,14,drawing,untitled,0,american,1940,1940,graphite on paper,"gift of mr. and mrs. meyer schapiro, 1983",0
485091,14,glass,glass,-1,finnish,1950,1959,glass,"purchase, theodore r. gamble jr. gift, in honor of his mother, mrs. theodore robert gamble, 1988",-1
486390,14,design,"design for a washstand for the blue bedroom, hous'hill",8,british,1904,1904,watercolor and graphite on paper,"purchase, lila acheson wallace gift, 1994",7
486599,14,bowl,"""tard la nuit"" bowl",9,italian,1989,1989,glass,"gift of peter t. joseph, 1995",8
488438,14,drawing,alvin langdon coburn,18,mexican,1910,1910,"ink, watercolor, metallic paint, and graphite on paper","alfred stieglitz collection, 1949",15
544812,15,"figurine, female, fragmentary",upper half of a female figurine,0,american,-1981,-1981,pottery,"gift of albert m. lythgoe, 1917",18
545193,15,"ostracon, hieratic",hieratic ostracon,0,american,-1295,-1295,"limestone, ink, paint","gift of theodore m. davis, 1909",18
547202,15,"figurine, seated woman",figurine of a seated woman,0,american,-3450,-3300,"limestone, organic material, paint, malachite","rogers fund, 1907",18
547248,15,"beaker, white cross-lined ware",white cross-lined ware beaker decorated with zigzags,0,american,-3900,-3650,"pottery, paint","rogers fund, 1907",18
549075,15,club,club,0,american,-1473,-1458,wood,"rogers fund, 1936",18
556721,15,"basket, coil, lid",cylindrical coil basket with lid,0,american,-2124,-2124,grasses,"rogers fund, 1931",18
563318,15,jar label,jar label fragments,0,american,-1390,-1390,"pottery and ink, paint","rogers fund, 1917",18
563892,15,"jar label, meat",jar label,0,american,-1390,-1390,"pottery and ink, paint","rogers fund, 1917",18
564519,15,relief fragment,relief fragment,0,american,-1981,-1640,granite,"rogers fund, 1933",18
565027,15,"linen, from wah's mummy","linen, from wah's mummy",0,american,-1981,-1975,linen,"rogers fund and edward s. harkness gift, 1920",18
623826,9,print,discover dry dock country: madison avenue between 63rd and 65th,0,american,1972,1972,commercial printing in color,"gift of dry dock savings bank, 1973",0
625312,9,print,"st. agatha, from 'di tutti gli affresco del correggio e di quattro del parmigianino'",9,italian,1841,1851,engraving,"gift of lucy chauncey, in memory of her father, henry chauncey, 1935",8
632372,9,photograph,"walter switzer, cornell quarterback shown being grounded by three columbia players, from the ""baseball and football"" set (r311), issued by the national chicle company to promote diamond stars gum",0,american,1936,1936,albumen print (glossy finish),"the jefferson r. burdick collection, gift of jefferson r. burdick",0
634357,9,print,"the virgin and child with st. john the baptist, st. francis, and st. catherine of siena",9,italian,1585,1585,chiaroscuro woodcut from four blocks printed in orange,"rogers fund, 1922",8
634643,9,"print, baseball card","card number 28, harry ""the cat"" brecheen, pitcher, st. louis cardinals, from the topps red/ blue backs series (r414-5) issued by topps chewing gum company",0,american,1951,1951,commercial color lithograph,"the jefferson r. burdick collection, gift of jefferson r. burdick",0
638012,9,print,"card no. 145, u.s. luscombe ""silvaire,"" from the aviation gum series (v356), issued by world wide gum company, ltd.",-1,canadian,1940,1940,photolithograph,"the jefferson r. burdick collection, gift of jefferson r. burdick",-1
638616,6,photograph,officer gordon f. wilson shows mug pictures to a woman,0,american,1970,1970,gelatin silver print,"anonymous gift, 2014",0
642712,9,"baseball card, print","card number 22, jim greengrass, outfield, cincinnati redlegs, from ""1954 topps regular issue"" series (r414-8), issued by topps chewing gum company.",0,american,1954,1954,commercial color lithograph,"the jefferson r. burdick collection, gift of jefferson r. burdick",0
646748,9,print,"mary, queen of scots at the execution block (from the history of england)",8,british,1795,1795,etching and engraving,"gift of susan dwight bliss, 1958",7
650909,9,print,happy easter (frohe ostern),-1,austrian,1912,1912,color lithograph,"museum accession, transferred from the library",-1
651579,9,print,"portrait, bust-length, with bow",0,american,1900,1900,drypoint,"gift of mr. and mrs. meyer schapiro, 1983",0
651818,6,photograph,"stripper with bare breasts sitting in her dressing room, atlantic city, n.j.",0,american,1961,1961,gelatin silver print,"purchase, jade lau gift, 2015",0
655098,9,photograph,"virginia hurned, from the actresses series (n245) issued by kinney brothers to promote sweet caporal cigarettes",0,american,1890,1890,albumen photograph,"the jefferson r. burdick collection, gift of jefferson r. burdick",0
656878,14,,"new york city 2[unfinished, formerly new york city iii]",0,american,1941,1941,oil and tape on canvas,"san francisco museum of modern art, purchase through a gift of phyllis wattis",22
656909,9,print,the woodcutter,18,mexican,1921,1931,woodcut,"gift of carl zigrosser, 1930",15
660182,9,books prints ornament & architecture,"ornamento delle belle & virtuose donne, page 8 (verso)",9,italian,1554,1554,woodcut,"rogers fund, 1921",8
666262,9,print,"souvenir of new york with manhattan from west hoboken, new jersey",0,american,1851,1851,hand-colored lithograph with tint stone,"the edward w. c. arnold collection of new york prints, maps and pictures, bequest of edward w. c. arnold, 1954",0
670640,6,photograph; photomicrograph,[snow crystal],0,american,1890,1929,gelatin silver print,"purchase, alfred stieglitz society gifts, 2015",0
679516,6,album,[album],0,american,1860,1879,,"gift of eva kasiska, 1947",0
683016,9,print,"scene 14, from jack and the giant killer, scenes for a toy theater",0,american,1870,1890,lithograph,"the elisha whittelsey collection, the elisha whittelsey fund, 1952",0
684096,9,print,"the boston tea party, bakery card from the frontiers of freedom series (d39-4), issued by the gordon bread company",0,american,1940,1949,commercial color lithograph,"the jefferson r. burdick collection, gift of jefferson r. burdick",0
684443,9,print,"honduras, bakery card from the flags series (d34), issued by the ward-mackey company",0,american,1900,1935,commercial color lithograph,"the jefferson r. burdick collection, gift of jefferson r. burdick",0
693616,5,kylix fragment,terracotta rim fragment of a kylix (drinking cup),13,greek,-500,-450,terracotta,"gift of dietrich von bothmer, distinguished research curator, greek and roman art, 2011",12
695260,12,fragment,fragment,10,european,1125,1275,"glass, ceramic","gift of clarence h. mackay, archer m. huntington, stephen h. p. pell and bashford dean, 1928",9
701306,9,print,"frederick ii the great, king of prussia (1712–1786)",0,american,1782,1782,etching and stipple,"harris brisbane dick fund, 1917",0
702996,6,photograph,desert near alexandria,0,american,1842,1842,daguerreotype,"purchase, philippe de montebello fund, mr. and mrs. john a. moran gift, in memory of louise chisholm moran, joyce f. menschel and annette de la renta gifts, and funds from various donors, 2016 (2016.97)",0
703467,5,kylix fragment,terracotta fragment of a kylix (drinking cup),13,greek,-530,-450,terracotta,"gift of dietrich von bothmer, distinguished research curator, greek and roman art, 2011",12
705128,9,"baseball card, print","jo-jo white, from the goudey wide pen premiums series (r314) issued by the goudey gum company",0,american,1936,1936,photolithograph,"the jefferson r. burdick collection, gift of jefferson r. burdick",0
705189,9,"baseball card, print","""cy"" blanton, from the national chicle fine pen premiums series (r313) issued by the national chicle gum company",0,american,1936,1936,photolithograph,"the jefferson r. burdick collection, gift of jefferson r. burdick",0
708376,9,"baseball card, print","album 324, page 86",0,american,1936,1936,commercial lithographs,"the jefferson r. burdick collection, gift of jefferson r. burdick",0
709728,5,kylix fragment,terracotta fragment of a kylix (drinking cup),13,greek,-530,-450,terracotta,"gift of dietrich von bothmer, distinguished research curator, greek and roman art, 2011",12
727173,9,print,"silenus being carried by satyrs, after mantegna",0,american,1530,1550,engraving,"harris brisbane dick fund, 1917",0
727686,9,drawing,coupé/brougham #3887,0,american,1884,1884,graphite and red crayon  on wove paper with perforated linen tape adhered to left edge for binding,"gift of william brewster, 1923",0
728103,9,prints ornament & architecture,ancient temple,0,american,1545,1545,etching,"harris brisbane dick fund, 1947",0
728820,5,column-krater fragment,terracotta fragment of a column-krater (bowl for mixing wine and water),13,greek,-530,-400,terracotta,"gift of dietrich von bothmer, distinguished research curator, greek and roman art, 2011",12
729600,9,print,an indulgence with an image of our lord of chalma,0,american,1895,1905,photo-relief and letterpress on buff paper,"the elisha whittelsey collection, the elisha whittelsey fund, 1946",0
729779,9,print,"card 44, john morrissey, from the prizefighters series (n269) issued by p. lorillard company to promote mechanics delight long cut tobacco",0,american,1887,1887,commercial color lithograph,"the jefferson r. burdick collection, gift of jefferson r. burdick",0
732391,6,ephemera,"[rusted metal sign: ""slow, children""]",0,american,1960,1975,painted metal,"walker evans archive, 1994",0
733407,5,oinochoe fragment,terracotta fragment of an oinochoe (jug),13,greek,-530,-300,terracotta,"gift of dietrich von bothmer, distinguished research curator, greek and roman art, 2011",12
736330,9,print,the historian animating the mind of a young painter,0,american,1784,1784,hand-colored etching,"the elisha whittelsey collection, the elisha whittelsey fund, 1959",0
738416,9,book print ornament & architecture,"robes modèles historiques, viennoise",0,american,1800,1900,design: lithography,"harris brisbane dick fund, 1932",0
740176,5,skyphos fragment,terracotta fragment of a skyphos (deep drinking cup),13,greek,-530,-300,terracotta,"gift of dietrich von bothmer, distinguished research curator, greek and roman art, 2011",12
751829,9,"print, baseball","silas k. johnson, cincinnati reds, from the baseball players match cover design series (u1) issued by diamond match company",0,american,1934,1934,printed matchbook,"the jefferson r. burdick collection, gift of jefferson r. burdick",0
754604,9,print,"thrifty villagers, satisfied watching the presentation from the outside, from 'a celebration in the neighboring village,' published in le petit journal pour rire, june 24, 1865",0,american,1865,1865,lithograph on newsprint; third state of three (delteil),"harris brisbane dick fund, 1936",0
771069,4,vase,vase with flowering branch motif (one of a pair),8,british,1872,1872,bone china,"gift of helene fortunoff and robert grossman, 2017",7
777496,8,dish,metal dish,0,american,0,0,iron,"rogers fund, 1936",19
778279,9,"baseball card, print","card number 164, bob owchinko, san diego padres",0,american,1978,1978,commercial color lithograph,"gift of george r. goldner, in honor of stewart goldner, 2016",0
779306,9,trade card,"packard-tourist, from the ""antique autos"" series (r701-1), issued by bowman gum company",0,american,1953,1953,commercial color lithograph,"the jefferson r. burdick collection, gift of jefferson r. burdick",0
785013,9,print; ephemera,"norwegian air force in canada patrol bomber (northrup n3pb), from the ""modern airplanes"" series (t87), issued with wings cigarettes by brown and williamson tobacco company",0,american,1942,1942,commercial color lithograph,"the jefferson r. burdick collection, gift of jefferson r. burdick",0
813925,9,print,stonehenge,0,american,1979,1979,sugar-lift aquatint with roulette,"gift of jerry s. flum, 1980",0
820618,9,print,"psyche, holding the flask of beauty being transported by three putti",0,american,1525,1535,engraving,"bequest of grace pugh, 1985",0
824428,9,print,landscape and cattle,0,american,1875,1885,etching,"gift of henry levien, 1967",0
